iceberg_id,hours_ahead,latitude,longitude
1,0,-67.0036790492211,90.14286128198324
1,1,-66.98975941271242,90.15864663945477
1,2,-66.97583977620374,90.1744319969263
1,3,-66.96192013969505,90.19021735439782
1,4,-66.94800050318636,90.20600271186935
1,5,-66.93408086667769,90.22178806934087
1,6,-66.920161230169,90.2375734268124
1,7,-66.90624159366031,90.25335878428392
1,8,-66.89232195715164,90.26914414175545
1,9,-66.87840232064295,90.28492949922698
1,10,-66.86448268413426,90.3007148566985
1,11,-66.85056304762558,90.31650021417003
1,12,-66.8366434111169,90.33228557164155
1,13,-66.8227237746082,90.34807092911308
1,14,-66.80880413809953,90.3638562865846
1,15,-66.79488450159084,90.37964164405614
1,16,-66.78096486508215,90.39542700152765
1,17,-66.76704522857347,90.41121235899918
1,18,-66.75312559206479,90.42699771647071
1,19,-66.7392059555561,90.44278307394224
1,20,-66.72528631904741,90.45856843141377
1,21,-66.71136668253874,90.47435378888528
1,22,-66.69744704603005,90.49013914635681
1,23,-66.68352740952136,90.50592450382834
1,24,-66.66960777301269,90.52170986129987
1,25,-66.655688136504,90.5374952187714
1,26,-66.64176849999531,90.55328057624291
1,27,-66.62784886348663,90.56906593371444
1,28,-66.61392922697794,90.58485129118597
1,29,-66.60000959046926,90.6006366486575
1,30,-66.58608995396058,90.61642200612901
1,31,-66.57217031745189,90.63220736360054
1,32,-66.5582506809432,90.64799272107207
1,33,-66.54433104443453,90.6637780785436
1,34,-66.53041140792584,90.67956343601513
1,35,-66.51649177141715,90.69534879348664
1,36,-66.50257213490848,90.71113415095817
1,37,-66.48865249839979,90.7269195084297
1,38,-66.4747328618911,90.74270486590123
1,39,-66.46081322538242,90.75849022337275
1,40,-66.44689358887373,90.77427558084428
1,41,-66.43297395236505,90.7900609383158
1,42,-66.41905431585637,90.80584629578733
1,43,-66.40513467934768,90.82163165325886
1,44,-66.391215042839,90.83741701073038
1,45,-66.37729540633032,90.8532023682019
1,46,-66.36337576982163,90.86898772567343
1,47,-66.34945613331294,90.88477308314496
1,48,-66.33553649680425,90.90055844061648
2,0,-68.75185087646051,-68.80109593275947
2,1,-68.77836585973041,-68.74250774943548
2,2,-68.80488084300032,-68.68391956611148
2,3,-68.83139582627024,-68.6253313827875
2,4,-68.85791080954014,-68.5667431994635
2,5,-68.88442579281005,-68.50815501613951
2,6,-68.91094077607995,-68.44956683281553
2,7,-68.93745575934986,-68.39097864949154
2,8,-68.96397074261978,-68.33239046616755
2,9,-68.99048572588968,-68.27380228284356
2,10,-69.01700070915959,-68.21521409951957
2,11,-69.0435156924295,-68.15662591619558
2,12,-69.0700306756994,-68.09803773287159
2,13,-69.09654565896932,-68.0394495495476
2,14,-69.12306064223922,-67.9808613662236
2,15,-69.14957562550913,-67.92227318289962
2,16,-69.17609060877903,-67.86368499957563
2,17,-69.20260559204894,-67.80509681625165
2,18,-69.22912057531886,-67.74650863292766
2,19,-69.25563555858876,-67.68792044960367
2,20,-69.28215054185867,-67.62933226627968
2,21,-69.30866552512857,-67.57074408295568
2,22,-69.33518050839848,-67.5121558996317
2,23,-69.3616954916684,-67.4535677163077
2,24,-69.3882104749383,-67.39497953298371
2,25,-69.41472545820821,-67.33639134965972
2,26,-69.44124044147812,-67.27780316633573
2,27,-69.46775542474802,-67.21921498301174
2,28,-69.49427040801794,-67.16062679968776
2,29,-69.52078539128784,-67.10203861636377
2,30,-69.54730037455775,-67.04345043303978
2,31,-69.57381535782766,-66.98486224971579
2,32,-69.60033034109756,-66.9262740663918
2,33,-69.62684532436748,-66.86768588306781
2,34,-69.65336030763739,-66.80909769974382
2,35,-69.67987529090729,-66.75050951641983
2,36,-69.7063902741772,-66.69192133309583
2,37,-69.7329052574471,-66.63333314977184
2,38,-69.75942024071702,-66.57474496644787
2,39,-69.78593522398693,-66.51615678312388
2,40,-69.81245020725683,-66.45756859979988
2,41,-69.83896519052674,-66.3989804164759
2,42,-69.86548017379664,-66.3403922331519
2,43,-69.89199515706656,-66.28180404982791
2,44,-69.91851014033647,-66.22321586650392
2,45,-69.94502512360637,-66.16462768317993
2,46,-69.97154010687628,-66.10603949985594
2,47,-69.99805509014618,-66.04745131653195
2,48,-70.0245700734161,-65.98886313320796
3,0,-65.19107990605433,41.61451555920911
3,1,-65.21984483639658,41.689701135555026
3,2,-65.24860976673882,41.76488671190095
3,3,-65.27737469708109,41.840072288246866
3,4,-65.30613962742333,41.91525786459279
3,5,-65.33490455776558,41.990443440938705
3,6,-65.36366948810783,42.06562901728462
3,7,-65.3924344184501,42.140814593630544
3,8,-65.42119934879234,42.21600016997646
3,9,-65.44996427913459,42.291185746322384
3,10,-65.47872920947684,42.3663713226683
3,11,-65.5074941398191,42.44155689901422
3,12,-65.53625907016135,42.51674247536014
3,13,-65.5650240005036,42.591928051706056
3,14,-65.59378893084585,42.66711362805198
3,15,-65.62255386118811,42.742299204397895
3,16,-65.65131879153036,42.81748478074382
3,17,-65.6800837218726,42.892670357089735
3,18,-65.70884865221485,42.96785593343565
3,19,-65.73761358255712,43.043041509781574
3,20,-65.76637851289937,43.11822708612749
3,21,-65.79514344324161,43.19341266247341
3,22,-65.82390837358386,43.26859823881933
3,23,-65.85267330392612,43.343783815165246
3,24,-65.88143823426837,43.41896939151117
3,25,-65.91020316461062,43.494154967857085
3,26,-65.93896809495287,43.56934054420301
3,27,-65.96773302529513,43.644526120548925
3,28,-65.99649795563738,43.71971169689485
3,29,-66.02526288597963,43.794897273240764
3,30,-66.05402781632188,43.87008284958668
3,31,-66.08279274666414,43.9452684259326
3,32,-66.11155767700639,44.02045400227852
3,33,-66.14032260734864,44.09563957862444
3,34,-66.16908753769088,44.17082515497036
3,35,-66.19785246803315,44.246010731316275
3,36,-66.2266173983754,44.3211963076622
3,37,-66.25538232871764,44.396381884008115
3,38,-66.28414725905989,44.47156746035404
3,39,-66.31291218940216,44.546753036699954
3,40,-66.3416771197444,44.62193861304587
3,41,-66.37044205008665,44.69712418939179
3,42,-66.3992069804289,44.77230976573771
3,43,-66.42797191077116,44.84749534208363
3,44,-66.45673684111341,44.92268091842955
3,45,-66.48550177145566,44.99786649477547
3,46,-66.51426670179791,45.07305207112139
3,47,-66.54303163214017,45.148237647467305
3,48,-66.57179656248242,45.22342322381323
4,0,-63.340458873596624,-57.53217786434477
4,1,-63.3595493755642,-57.582833142768216
4,2,-63.378639877531775,-57.63348842119167
4,3,-63.39773037949934,-57.68414369961512
4,4,-63.41682088146692,-57.73479897803857
4,5,-63.435911383434494,-57.78545425646202
4,6,-63.45500188540207,-57.83610953488547
4,7,-63.474092387369645,-57.88676481330892
4,8,-63.49318288933721,-57.93742009173237
4,9,-63.51227339130479,-57.98807537015582
4,10,-63.53136389327236,-58.038730648579275
4,11,-63.55045439523994,-58.08938592700272
4,12,-63.569544897207514,-58.14004120542617
4,13,-63.58863539917508,-58.19069648384963
4,14,-63.60772590114266,-58.24135176227308
4,15,-63.62681640311023,-58.292007040696525
4,16,-63.64590690507781,-58.342662319119974
4,17,-63.664997407045384,-58.39331759754343
4,18,-63.68408790901296,-58.44397287596688
4,19,-63.70317841098053,-58.49462815439033
4,20,-63.7222689129481,-58.545283432813775
4,21,-63.74135941491568,-58.59593871123723
4,22,-63.76044991688325,-58.64659398966068
4,23,-63.77954041885083,-58.69724926808413
4,24,-63.7986309208184,-58.747904546507584
4,25,-63.81772142278597,-58.79855982493103
4,26,-63.83681192475355,-58.84921510335448
4,27,-63.85590242672112,-58.89987038177793
4,28,-63.8749929286887,-58.950525660201386
4,29,-63.894083430656266,-59.001180938624834
4,30,-63.91317393262384,-59.05183621704828
4,31,-63.93226443459142,-59.10249149547174
4,32,-63.95135493655899,-59.15314677389519
4,33,-63.97044543852657,-59.203802052318636
4,34,-63.989535940494136,-59.254457330742085
4,35,-64.00862644246172,-59.30511260916554
4,36,-64.02771694442929,-59.35576788758899
4,37,-64.04680744639685,-59.40642316601244
4,38,-64.06589794836444,-59.457078444435886
4,39,-64.084988450332,-59.50773372285934
4,40,-64.10407895229959,-59.55838900128279
4,41,-64.12316945426716,-59.60904427970624
4,42,-64.14225995623472,-59.659699558129695
4,43,-64.1613504582023,-59.710354836553144
4,44,-64.18044096016988,-59.76101011497659
4,45,-64.19953146213746,-59.81166539340004
4,46,-64.21862196410503,-59.8623206718235
4,47,-64.2377124660726,-59.912975950246945
4,48,-64.25680296804018,-59.963631228670394
5,0,-67.5660620563237,4.951286326447573
5,1,-67.57014535520517,4.917882988879259
5,2,-67.57422865408665,4.884479651310946
5,3,-67.57831195296812,4.851076313742633
5,4,-67.58239525184959,4.817672976174319
5,5,-67.58647855073107,4.784269638606006
5,6,-67.59056184961254,4.750866301037693
5,7,-67.59464514849401,4.717462963469379
5,8,-67.59872844737549,4.6840596259010665
5,9,-67.60281174625696,4.650656288332753
5,10,-67.60689504513843,4.617252950764439
5,11,-67.61097834401991,4.583849613196127
5,12,-67.61506164290138,4.550446275627813
5,13,-67.61914494178285,4.517042938059499
5,14,-67.62322824066432,4.483639600491187
5,15,-67.6273115395458,4.450236262922873
5,16,-67.63139483842727,4.4168329253545595
5,17,-67.63547813730874,4.383429587786247
5,18,-67.63956143619022,4.350026250217933
5,19,-67.64364473507169,4.31662291264962
5,20,-67.64772803395316,4.283219575081307
5,21,-67.65181133283464,4.249816237512993
5,22,-67.65589463171611,4.21641289994468
5,23,-67.65997793059758,4.183009562376367
5,24,-67.66406122947906,4.149606224808053
5,25,-67.66814452836053,4.11620288723974
5,26,-67.672227827242,4.082799549671427
5,27,-67.67631112612348,4.0493962121031135
5,28,-67.68039442500495,4.0159928745348
5,29,-67.68447772388642,3.982589536966487
5,30,-67.6885610227679,3.9491861993981736
5,31,-67.69264432164937,3.9157828618298605
5,32,-67.69672762053084,3.8823795242615473
5,33,-67.70081091941232,3.8489761866932337
5,34,-67.70489421829379,3.8155728491249206
5,35,-67.70897751717526,3.7821695115566074
5,36,-67.71306081605672,3.748766173988294
5,37,-67.71714411493821,3.7153628364199807
5,38,-67.72122741381968,3.6819594988516675
5,39,-67.72531071270114,3.648556161283354
5,40,-67.72939401158263,3.6151528237150408
5,41,-67.7334773104641,3.5817494861467276
5,42,-67.73756060934556,3.548346148578414
5,43,-67.74164390822705,3.514942811010101
5,44,-67.74572720710852,3.4815394734417877
5,45,-67.74981050598998,3.448136135873474
5,46,-67.75389380487147,3.414732798305161
5,47,-67.75797710375294,3.381329460736848
5,48,-67.7620604026344,3.347926123168534
6,0,-65.10517684222097,-72.10122786959164
6,1,-65.11764816330886,-72.12260997466466
6,2,-65.13011948439674,-72.14399207973766
6,3,-65.14259080548463,-72.16537418481067
6,4,-65.15506212657252,-72.18675628988368
6,5,-65.1675334476604,-72.20813839495669
6,6,-65.18000476874829,-72.2295205000297
6,7,-65.19247608983618,-72.25090260510271
6,8,-65.20494741092406,-72.27228471017571
6,9,-65.21741873201195,-72.29366681524873
6,10,-65.22989005309984,-72.31504892032173
6,11,-65.24236137418772,-72.33643102539475
6,12,-65.25483269527561,-72.35781313046775
6,13,-65.2673040163635,-72.37919523554076
6,14,-65.27977533745138,-72.40057734061376
6,15,-65.29224665853927,-72.42195944568678
6,16,-65.30471797962716,-72.44334155075978
6,17,-65.31718930071504,-72.4647236558328
6,18,-65.32966062180293,-72.4861057609058
6,19,-65.34213194289082,-72.50748786597882
6,20,-65.3546032639787,-72.52886997105182
6,21,-65.36707458506659,-72.55025207612483
6,22,-65.37954590615448,-72.57163418119785
6,23,-65.39201722724236,-72.59301628627085
6,24,-65.40448854833025,-72.61439839134387
6,25,-65.41695986941815,-72.63578049641687
6,26,-65.42943119050604,-72.65716260148989
6,27,-65.44190251159392,-72.67854470656289
6,28,-65.45437383268181,-72.6999268116359
6,29,-65.4668451537697,-72.7213089167089
6,30,-65.47931647485758,-72.74269102178192
6,31,-65.49178779594547,-72.76407312685492
6,32,-65.50425911703336,-72.78545523192794
6,33,-65.51673043812124,-72.80683733700094
6,34,-65.52920175920913,-72.82821944207396
6,35,-65.54167308029702,-72.84960154714696
6,36,-65.5541444013849,-72.87098365221998
6,37,-65.56661572247279,-72.89236575729298
6,38,-65.57908704356068,-72.913747862366
6,39,-65.59155836464856,-72.935129967439
6,40,-65.60402968573645,-72.95651207251201
6,41,-65.61650100682434,-72.97789417758503
6,42,-65.62897232791222,-72.99927628265803
6,43,-65.64144364900011,-73.02065838773105
6,44,-65.653914970088,-73.04204049280405
6,45,-65.66638629117588,-73.06342259787706
6,46,-65.67885761226377,-73.08480470295007
6,47,-65.69132893335166,-73.10618680802308
6,48,-65.70380025443954,-73.12756891309608
7,0,-66.35144012626371,57.03519227860272
7,1,-66.36945969933421,57.0374697887489
7,2,-66.3874792724047,57.03974729889508
7,3,-66.40549884547521,57.04202480904126
7,4,-66.42351841854571,57.04430231918743
7,5,-66.4415379916162,57.04657982933361
7,6,-66.4595575646867,57.04885733947979
7,7,-66.4775771377572,57.05113484962597
7,8,-66.4955967108277,57.053412359772146
7,9,-66.5136162838982,57.055689869918325
7,10,-66.53163585696869,57.0579673800645
7,11,-66.5496554300392,57.060244890210676
7,12,-66.5676750031097,57.062522400356855
7,13,-66.58569457618019,57.064799910503034
7,14,-66.60371414925069,57.06707742064921
7,15,-66.62173372232118,57.06935493079539
7,16,-66.63975329539169,57.07163244094157
7,17,-66.65777286846219,57.07390995108774
7,18,-66.67579244153268,57.07618746123392
7,19,-66.69381201460318,57.0784649713801
7,20,-66.71183158767369,57.08074248152628
7,21,-66.72985116074418,57.08301999167246
7,22,-66.74787073381468,57.08529750181864
7,23,-66.76589030688517,57.08757501196481
7,24,-66.78390987995567,57.08985252211099
7,25,-66.80192945302618,57.09213003225717
7,26,-66.81994902609667,57.094407542403346
7,27,-66.83796859916717,57.096685052549525
7,28,-66.85598817223767,57.098962562695704
7,29,-66.87400774530816,57.10124007284188
7,30,-66.89202731837867,57.103517582988054
7,31,-66.91004689144916,57.10579509313423
7,32,-66.92806646451966,57.10807260328041
7,33,-66.94608603759016,57.11035011342659
7,34,-66.96410561066065,57.11262762357277
7,35,-66.98212518373116,57.11490513371895
7,36,-67.00014475680166,57.11718264386513
7,37,-67.01816432987215,57.1194601540113
7,38,-67.03618390294265,57.12173766415748
7,39,-67.05420347601314,57.12401517430366
7,40,-67.07222304908365,57.12629268444984
7,41,-67.09024262215415,57.128570194596016
7,42,-67.10826219522464,57.130847704742195
7,43,-67.12628176829514,57.133125214888366
7,44,-67.14430134136565,57.135402725034545
7,45,-67.16232091443614,57.137680235180724
7,46,-67.18034048750664,57.1399577453269
7,47,-67.19836006057713,57.14223525547308
7,48,-67.21637963364763,57.14451276561926
8,0,-65.26068344910367,-90.70991745600045
8,1,-65.25423075798957,-90.76263359621049
8,2,-65.2477780668755,-90.81534973642052
8,3,-65.2413253757614,-90.86806587663055
8,4,-65.23487268464733,-90.92078201684059
8,5,-65.22841999353324,-90.97349815705063
8,6,-65.22196730241915,-91.02621429726065
8,7,-65.21551461130507,-91.07893043747069
8,8,-65.20906192019098,-91.13164657768073
8,9,-65.20260922907688,-91.18436271789075
8,10,-65.1961565379628,-91.23707885810079
8,11,-65.18970384684872,-91.28979499831082
8,12,-65.18325115573464,-91.34251113852085
8,13,-65.17679846462055,-91.39522727873089
8,14,-65.17034577350645,-91.44794341894092
8,15,-65.16389308239238,-91.50065955915096
8,16,-65.15744039127829,-91.55337569936098
8,17,-65.1509877001642,-91.60609183957102
8,18,-65.14453500905012,-91.65880797978106
8,19,-65.13808231793602,-91.71152411999108
8,20,-65.13162962682195,-91.76424026020112
8,21,-65.12517693570786,-91.81695640041116
8,22,-65.11872424459376,-91.86967254062118
8,23,-65.11227155347969,-91.92238868083122
8,24,-65.1058188623656,-91.97510482104126
8,25,-65.0993661712515,-92.0278209612513
8,26,-65.09291348013743,-92.08053710146132
8,27,-65.08646078902333,-92.13325324167135
8,28,-65.08000809790926,-92.18596938188139
8,29,-65.07355540679517,-92.23868552209142
8,30,-65.06710271568107,-92.29140166230145
8,31,-65.060650024567,-92.34411780251149
8,32,-65.0541973334529,-92.39683394272153
8,33,-65.04774464233881,-92.44955008293155
8,34,-65.04129195122474,-92.50226622314159
8,35,-65.03483926011064,-92.55498236335163
8,36,-65.02838656899657,-92.60769850356165
8,37,-65.02193387788247,-92.66041464377169
8,38,-65.01548118676838,-92.71313078398173
8,39,-65.0090284956543,-92.76584692419175
8,40,-65.00257580454021,-92.81856306440179
8,41,-64.99612311342612,-92.87127920461182
8,42,-64.98967042231205,-92.92399534482186
8,43,-64.98321773119795,-92.97671148503188
8,44,-64.97676504008388,-93.02942762524192
8,45,-64.97031234896978,-93.08214376545196
8,46,-64.96385965785569,-93.13485990566198
8,47,-64.95740696674162,-93.18757604587202
8,48,-64.95095427562752,-93.24029218608206
9,0,-69.47958725611777,89.77710745066665
9,1,-69.4516493341333,89.82645102636528
9,2,-69.42371141214882,89.87579460206392
9,3,-69.39577349016434,89.92513817776255
9,4,-69.36783556817987,89.97448175346118
9,5,-69.3398976461954,90.02382532915982
9,6,-69.31195972421092,90.07316890485845
9,7,-69.28402180222645,90.12251248055709
9,8,-69.25608388024197,90.17185605625572
9,9,-69.2281459582575,90.22119963195435
9,10,-69.20020803627303,90.27054320765299
9,11,-69.17227011428855,90.31988678335162
9,12,-69.14433219230409,90.36923035905025
9,13,-69.11639427031962,90.41857393474889
9,14,-69.08845634833514,90.46791751044752
9,15,-69.06051842635067,90.51726108614615
9,16,-69.0325805043662,90.56660466184479
9,17,-69.00464258238172,90.61594823754342
9,18,-68.97670466039725,90.66529181324205
9,19,-68.94876673841277,90.71463538894069
9,20,-68.9208288164283,90.76397896463932
9,21,-68.89289089444382,90.81332254033796
9,22,-68.86495297245935,90.86266611603659
9,23,-68.83701505047488,90.91200969173522
9,24,-68.8090771284904,90.96135326743386
9,25,-68.78113920650593,91.0106968431325
9,26,-68.75320128452145,91.06004041883112
9,27,-68.72526336253698,91.10938399452976
9,28,-68.6973254405525,91.1587275702284
9,29,-68.66938751856803,91.20807114592702
9,30,-68.64144959658356,91.25741472162566
9,31,-68.61351167459908,91.3067582973243
9,32,-68.58557375261461,91.35610187302292
9,33,-68.55763583063013,91.40544544872157
9,34,-68.52969790864567,91.4547890244202
9,35,-68.5017599866612,91.50413260011884
9,36,-68.47382206467672,91.55347617581747
9,37,-68.44588414269225,91.6028197515161
9,38,-68.41794622070778,91.65216332721474
9,39,-68.3900082987233,91.70150690291337
9,40,-68.36207037673883,91.750850478612
9,41,-68.33413245475435,91.80019405431064
9,42,-68.30619453276988,91.84953763000927
9,43,-68.2782566107854,91.8988812057079
9,44,-68.25031868880093,91.94822478140654
9,45,-68.22238076681646,91.99756835710517
9,46,-68.19444284483198,92.0469119328038
9,47,-68.16650492284751,92.09625550850244
9,48,-68.13856700086303,92.14559908420107
10,0,-67.56308984661304,-80.46557719872322
10,1,-67.5520358650223,-80.47515279972488
10,2,-67.54098188343158,-80.48472840072655
10,3,-67.52992790184085,-80.49430400172821
10,4,-67.51887392025012,-80.50387960272988
10,5,-67.5078199386594,-80.51345520373154
10,6,-67.49676595706866,-80.52303080473321
10,7,-67.48571197547793,-80.53260640573487
10,8,-67.4746579938872,-80.54218200673654
10,9,-67.46360401229647,-80.5517576077382
10,10,-67.45255003070575,-80.56133320873987
10,11,-67.44149604911502,-80.57090880974152
10,12,-67.43044206752428,-80.5804844107432
10,13,-67.41938808593356,-80.59006001174485
10,14,-67.40833410434283,-80.59963561274651
10,15,-67.3972801227521,-80.60921121374818
10,16,-67.38622614116137,-80.61878681474984
10,17,-67.37517215957064,-80.62836241575151
10,18,-67.3641181779799,-80.63793801675317
10,19,-67.35306419638918,-80.64751361775484
10,20,-67.34201021479845,-80.6570892187565
10,21,-67.33095623320771,-80.66666481975817
10,22,-67.319902251617,-80.67624042075983
10,23,-67.30884827002626,-80.6858160217615
10,24,-67.29779428843554,-80.69539162276315
10,25,-67.2867403068448,-80.70496722376483
10,26,-67.27568632525407,-80.71454282476648
10,27,-67.26463234366335,-80.72411842576815
10,28,-67.25357836207262,-80.73369402676981
10,29,-67.24252438048188,-80.74326962777147
10,30,-67.23147039889116,-80.75284522877314
10,31,-67.22041641730043,-80.7624208297748
10,32,-67.20936243570969,-80.77199643077647
10,33,-67.19830845411897,-80.78157203177813
10,34,-67.18725447252824,-80.7911476327798
10,35,-67.1762004909375,-80.80072323378145
10,36,-67.16514650934678,-80.81029883478313
10,37,-67.15409252775605,-80.81987443578478
10,38,-67.14303854616531,-80.82945003678645
10,39,-67.1319845645746,-80.83902563778811
10,40,-67.12093058298386,-80.84860123878978
10,41,-67.10987660139314,-80.85817683979144
10,42,-67.0988226198024,-80.8677524407931
10,43,-67.08776863821167,-80.87732804179477
10,44,-67.07671465662095,-80.88690364279643
10,45,-67.06566067503022,-80.8964792437981
10,46,-67.05460669343948,-80.90605484479975
10,47,-67.04355271184876,-80.91563044580143
10,48,-67.03249873025803,-80.92520604680308
